IP地址,记数
111.42.155.219,6885
8.219.233.136,6052
123.172.54.186,3742
104.28.204.175,3136
45.157.232.170,2318
123.160.223.65,1675
123.160.223.64,1669
161.97.94.161,1619
221.207.158.71,1603
125.74.115.55,1532
111.7.106.97,981
111.7.106.96,950
107.172.5.251,863
38.207.178.198,645
38.207.179.203,602
118.212.215.46,599
175.197.65.16,449
164.52.202.106,378
117.179.206.224,320
66.249.66.37,296
222.128.178.180,282
111.7.100.32,247
1.62.188.202,241
111.7.100.35,240
111.7.100.33,231
27.50.59.146,231
111.7.100.34,230
210.16.189.4,208
66.249.66.38,198
146.190.52.207,190
66.249.66.39,174
221.207.77.50,169
104.244.74.231,158
46.17.46.137,156
111.7.100.31,155
113.1.17.50,154
111.7.100.30,153
111.7.100.28,149
104.28.154.3,145
183.192.118.26,137
118.195.173.236,136
111.7.100.29,135
52.167.144.191,135
111.55.114.161,130
40.77.167.32,129
52.167.144.181,128
40.77.167.60,123
223.104.113.76,123
111.40.160.217,122
52.167.144.235,118
157.245.150.86,114
111.55.112.107,113
40.77.167.50,111
36.132.146.52,109
52.167.144.145,108
42.100.143.127,107
154.213.64.15,107
52.167.144.229,105
40.77.167.235,103
52.167.144.16,100
52.167.144.194,99
40.77.167.54,97
112.99.224.211,95
60.219.242.207,95
52.167.144.192,94
157.245.151.12,94
39.144.7.218,94
40.77.167.78,93
40.77.167.76,92
52.167.144.230,90
112.98.171.242,90
40.77.167.41,89
157.245.156.148,88
40.77.167.22,86
52.167.144.205,85
52.167.144.187,84
40.77.167.70,83
40.77.167.52,83
112.98.209.123,82
52.167.144.238,81
40.77.167.59,81
40.77.167.65,80
40.77.167.143,79
52.167.144.221,78
52.167.144.137,77
143.198.212.35,77
52.167.144.216,77
42.102.182.127,77
52.167.144.209,76
176.113.115.189,76
40.77.167.45,75
40.77.167.23,75
52.167.144.212,75
1.191.6.155,75
111.43.238.230,75
52.167.144.203,74
52.167.144.166,74
111.55.114.35,74
52.167.144.222,73
52.167.144.214,73
123.164.203.110,72
40.77.167.71,71
40.77.167.20,71
52.167.144.20,70
61.180.236.122,70
111.55.114.191,70
111.40.160.83,69
40.77.167.18,68
52.167.144.219,67
40.77.167.5,67
40.77.167.25,67
40.77.167.36,66
112.102.121.84,66
52.167.144.180,65
40.77.167.63,64
40.77.167.132,64
1.62.37.181,64
112.101.54.64,64
223.104.113.26,64
36.132.252.190,64
52.167.144.233,63
221.207.181.95,63
112.99.90.121,63
220.181.51.85,62
52.167.144.140,62
220.181.51.90,62
52.167.144.22,62
42.103.3.196,62
40.77.167.43,61
183.192.118.126,61
207.46.13.14,61
40.77.167.53,61
223.104.113.244,61
52.167.144.236,60
123.167.46.127,60
40.77.167.68,59
52.167.144.170,59
39.144.69.3,59
112.36.24.54,59
52.167.144.184,58
40.77.167.7,58
61.167.106.194,58
40.77.167.26,57
198.98.183.53,57
111.42.234.8,57
113.8.32.252,57
42.100.3.226,57
40.77.167.10,56
40.77.167.14,56
101.227.1.199,56
109.123.240.67,56
40.77.167.79,55
40.77.167.4,55
101.227.1.198,55
40.77.167.44,54
40.77.167.3,54
52.167.144.139,54
117.179.72.80,54
52.167.144.182,53
113.0.210.164,53
220.181.51.92,52
40.77.167.19,52
207.46.13.141,52
1.190.161.141,52
52.167.144.138,51
40.77.167.247,51
179.43.190.218,51
117.179.242.209,51
113.5.12.231,51
40.77.167.30,50
40.77.167.24,50
117.179.86.231,50
112.99.64.238,50
52.167.144.136,49
52.167.144.175,49
113.5.161.124,49
111.30.249.162,49
111.55.113.129,49
220.181.51.113,48
40.77.167.16,48
52.167.144.19,48
42.100.133.255,48
111.41.4.182,48
1.58.110.67,48
40.77.167.136,47
52.167.144.198,47
52.167.144.237,47
40.77.167.33,47
40.77.167.75,47
1.191.162.63,47
220.181.51.88,46
42.102.157.255,46
1.62.199.98,46
40.77.167.48,45
52.167.144.24,45
40.77.167.230,45
83.97.73.245,45
40.77.167.254,45
157.55.39.60,45
52.167.144.228,45
42.100.164.127,45
36.132.145.250,45
60.219.242.19,45
52.167.144.211,44
95.214.53.103,44
117.136.7.40,44
52.167.144.204,43
183.192.118.18,43
154.204.56.105,43
40.77.167.13,43
207.46.13.168,43
52.167.144.161,43
40.77.167.61,43
52.167.144.23,43
111.41.253.103,43
113.5.161.245,43
113.2.185.225,43
60.15.136.225,43
117.179.14.155,42
117.136.7.26,42
223.104.116.220,42
27.217.181.107,42
40.77.167.101,41
20.1.1.200,41
40.77.167.255,41
220.181.51.118,41
52.167.144.25,41
157.55.39.15,41
223.104.113.182,41
36.132.238.232,41
117.179.122.108,41
42.102.135.196,41
52.167.144.179,40
123.160.223.68,40
111.40.59.179,40
40.77.167.126,40
52.167.144.226,40
113.5.161.193,40
111.42.159.8,40
42.102.138.98,40
117.179.132.183,40
218.86.176.58,40
40.77.167.2,39
52.167.144.188,39
220.181.51.120,39
52.167.144.185,39
52.167.144.171,39
111.42.247.65,39
157.55.39.205,39
223.104.113.57,39
111.55.113.75,39
112.99.178.79,39
40.77.167.38,39
52.167.144.232,38
220.181.51.116,38
207.46.13.116,38
40.77.167.8,38
223.104.114.4,38
1.191.188.191,38
223.104.114.142,38
1.57.44.149,38
117.136.57.165,38
40.77.167.77,38
27.206.240.195,38
113.5.4.119,38
40.77.167.9,37
52.167.144.189,37
207.46.13.154,37
157.55.39.9,37
221.208.233.168,37
111.55.114.91,37
117.179.153.4,37
111.40.59.82,37
60.219.242.213,37
111.40.33.137,37
20.15.133.185,37
140.249.15.141,37
103.73.160.170,37
172.105.234.247,36
207.46.13.151,36
52.167.144.218,36
40.77.167.28,36
1.189.60.25,36
117.179.53.6,36
112.98.197.186,36
123.168.101.53,36
52.167.144.223,35
52.167.144.186,35
123.160.223.69,35
40.77.167.243,35
117.179.86.104,35
117.179.138.26,35
111.55.114.124,35
60.219.155.102,35
1.191.226.205,35
52.167.144.21,34
40.77.167.73,34
42.103.0.13,34
182.204.8.205,34
112.102.123.139,34
221.207.139.222,34
111.43.144.82,34
122.157.100.180,34
117.179.81.120,34
183.134.99.176,34
40.77.167.241,33
40.77.167.35,33
157.55.39.58,33
157.55.39.49,33
207.46.13.153,33
40.77.167.67,33
185.224.128.34,33
40.77.167.1,33
36.132.163.198,33
122.158.193.204,33
221.212.244.224,33
122.159.141.17,33
223.104.116.232,33
113.4.110.26,33
42.102.185.127,33
42.185.165.179,33
52.167.144.163,32
207.46.13.126,32
157.55.39.10,32
42.102.134.37,32
199.204.96.194,32
111.41.155.237,32
42.103.14.197,32
117.136.7.44,32
111.55.140.215,32
117.136.57.246,32
111.43.144.103,32
221.206.204.202,32
117.179.104.140,32
122.158.249.162,32
111.55.112.98,31
220.195.74.108,31
112.99.60.238,31
60.15.135.252,31
40.77.167.27,31
117.136.56.154,31
221.207.108.66,31
113.6.3.240,31
66.249.75.165,31
117.189.26.207,31
52.167.144.199,30
157.55.39.61,30
157.55.39.55,30
1.63.238.110,30
221.207.119.19,30
117.136.7.203,30
123.167.40.255,30
60.219.155.83,30
113.5.161.59,30
111.42.91.87,30
140.249.15.145,30
52.167.144.220,29
183.192.118.124,29
223.104.116.141,29
36.59.61.191,29
52.167.144.17,29
222.170.114.227,29
1.190.249.86,29
52.167.144.174,29
207.46.13.229,29
107.189.13.224,29
123.167.68.92,29
52.167.144.167,28
42.100.130.127,28
111.41.201.41,28
36.132.246.204,28
111.55.114.101,28
223.104.114.27,28
117.61.20.165,28
223.104.114.66,28
222.170.116.80,28
60.14.131.123,28
112.101.54.153,28
223.104.194.67,28
42.102.162.142,28
207.46.13.36,27
123.167.52.104,27
60.218.232.62,27
60.218.234.35,27
36.132.152.114,27
42.102.139.45,27
112.103.101.168,27
111.55.112.2,26
207.46.13.155,26
40.77.167.46,26
52.167.144.200,26
42.100.135.255,26
36.132.134.253,26
113.9.223.205,26
36.132.134.178,26
122.157.117.157,26
42.184.182.149,26
113.4.199.224,26
112.114.107.1,26
40.77.167.40,25
207.46.13.78,25
80.94.92.60,25
207.46.13.6,25
207.46.13.7,25
36.132.133.173,25
117.179.77.189,25
117.179.239.1,25
112.98.57.121,25
60.219.155.224,25
117.179.198.234,25
1.62.55.38,25
60.219.242.103,25
112.102.127.186,25
111.41.47.138,25
223.104.17.204,25
111.41.221.236,25
42.102.39.34,25
60.219.242.192,25
117.179.86.148,24
157.55.39.200,24
157.55.39.11,24
52.167.144.176,24
207.46.13.17,24
60.15.135.186,24
42.102.140.134,24
117.179.240.207,24
36.132.162.53,24
123.164.78.201,24
113.5.161.40,24
1.188.8.50,24
111.41.32.6,24
140.249.15.138,24
36.132.239.130,23
223.104.113.166,23
42.102.156.255,23
1.62.43.242,23
111.40.132.216,23
223.104.113.80,23
60.219.155.186,23
223.104.113.247,23
60.15.136.226,23
113.9.223.63,23
211.90.236.57,23
207.46.13.125,23
23.224.196.156,23
140.249.15.147,23
195.191.219.133,23
39.144.210.43,22
40.77.167.15,22
157.55.39.204,22
40.77.190.191,22
207.46.13.111,22
157.55.39.48,22
52.167.144.142,22
52.167.144.210,22
40.77.167.57,22
52.167.144.57,22
207.46.13.230,22
1.57.237.178,22
60.219.242.159,22
42.184.88.61,22
111.55.113.187,22
113.0.210.14,22
42.102.181.127,22
223.104.114.37,22
117.136.7.254,22
111.41.245.168,22
1.63.120.186,22
111.40.59.76,22
111.41.217.156,22
1.63.148.53,22
140.249.15.151,22
223.104.116.102,22
218.26.159.133,22
52.167.144.56,21
141.255.167.250,21
52.167.144.224,21
52.167.144.168,21
157.55.39.51,21
157.55.39.54,21
111.41.25.147,21
60.15.135.2,21
111.41.22.115,21
223.104.116.153,21
113.5.161.232,21
111.42.84.150,21
1.63.148.226,21
40.77.167.56,21
113.5.4.254,21
117.179.83.214,21
221.208.149.25,21
122.228.19.69,21
66.249.73.193,21
66.249.73.203,21
157.90.182.27,20
45.132.238.26,20
123.164.143.242,20
111.55.112.19,20
223.104.113.232,20
111.41.238.250,20
1.57.243.132,20
1.57.185.85,20
111.42.119.119,20
60.15.135.7,20
111.40.59.186,20
223.104.17.123,20
221.208.35.130,20
36.132.246.222,20
42.100.145.192,20
36.132.140.193,20
117.179.72.25,20
1.59.157.13,20
218.10.242.44,20
111.41.118.140,20
117.136.56.78,20
119.109.192.165,20
117.179.82.138,20
140.249.15.134,20
154.8.193.168,20
157.55.39.8,19
5.181.190.250,19
60.219.242.236,19
123.167.42.255,19
223.104.116.116,19
122.158.196.138,19
42.100.139.127,19
60.15.136.134,19
223.104.115.212,19
1.57.232.246,19
123.167.44.255,19
1.189.103.83,19
1.62.5.205,19
117.179.116.189,19
122.158.83.178,19
42.102.169.110,19
101.75.209.38,19
140.249.15.169,19
27.128.234.19,19
140.249.15.154,19
60.219.155.191,19
60.219.234.2,18
157.55.39.53,18
157.55.39.12,18
223.104.40.166,18
223.104.219.34,18
218.10.133.192,18
42.100.171.127,18
117.179.83.185,18
60.219.155.202,18
223.104.113.87,18
123.164.86.237,18
123.167.49.42,18
42.102.173.109,18
1.189.121.21,18
223.104.17.195,18
112.99.227.206,18
36.132.160.148,18
39.168.148.134,18
140.249.15.148,18
122.228.19.73,18
207.46.13.127,17
183.192.118.104,17
111.41.1.166,17
42.102.154.255,17
157.55.39.56,17
116.169.80.52,17
111.55.114.90,17
113.5.191.46,17
123.167.84.112,17
117.136.7.238,17
111.55.114.14,17
123.167.74.127,17
42.101.61.115,17
111.55.114.59,17
1.58.2.233,17
112.98.203.140,17
111.40.59.44,17
40.77.167.21,17
111.55.112.95,17
111.55.112.29,17
117.179.82.9,17
111.42.159.36,17
36.132.167.251,17
112.96.227.209,17
42.184.106.84,17
60.219.155.2,17
60.218.234.201,17
40.77.167.184,17
223.104.113.92,17
42.102.229.73,17
117.179.75.90,16
40.77.188.121,16
212.70.149.134,16
125.211.160.234,16
52.167.144.217,16
213.199.47.192,16
156.59.198.136,16
156.59.198.135,16
122.157.222.77,16
112.98.203.25,16
111.41.170.223,16
1.188.102.203,16
36.132.176.102,16
36.132.246.246,16
113.5.6.41,16
113.5.12.164,16
1.58.21.132,16
117.179.87.82,16
123.164.167.247,16
223.104.114.165,16
223.104.114.9,16
40.77.167.64,16
111.41.25.227,16
117.136.57.222,16
60.219.242.220,16
52.167.144.215,16
122.157.118.201,16
36.132.152.230,16
111.55.114.71,16
111.41.153.211,16
1.189.251.40,16
60.15.136.136,16
36.132.162.251,16
117.179.31.48,16
117.179.87.253,16
157.55.39.59,16
220.202.134.26,16
140.249.15.137,16
83.97.73.87,16
100.21.24.205,16
40.77.188.165,15
40.77.188.57,15
40.77.189.215,15
40.77.167.144,15
52.167.144.190,15
157.55.39.14,15
117.179.104.231,15
222.170.115.110,15
60.15.136.161,15
122.158.198.22,15
42.102.125.196,15
223.104.114.121,15
111.55.113.37,15
60.219.155.226,15
111.41.15.111,15
111.40.146.60,15
223.104.114.175,15
223.104.114.30,15
223.104.113.255,15
60.219.155.169,15
42.103.3.239,15
60.14.145.70,15
111.43.158.70,15
123.165.143.207,15
111.43.197.131,15
113.1.112.157,15
117.179.219.32,15
140.249.15.155,15
66.249.68.69,15
66.249.75.38,15
66.249.69.12,15
50.112.160.3,15
40.77.167.47,15
140.249.15.142,15
223.104.116.47,15
140.249.15.177,15
111.41.1.245,15
51.89.51.67,14
207.46.13.107,14
40.77.167.62,14
111.42.119.191,14
113.2.132.128,14
60.219.242.29,14
1.58.79.113,14
42.100.137.127,14
111.55.113.140,14
223.104.114.139,14
223.104.116.101,14
111.41.115.10,14
223.104.118.52,14
60.219.155.235,14
60.11.130.189,14
113.5.8.2,14
113.115.59.135,14
40.77.167.152,14
223.104.116.52,14
117.179.151.96,14
60.15.137.186,14
111.40.143.58,14
39.144.56.71,14
103.193.174.99,14
140.249.15.178,14
116.179.33.14,13
112.99.198.9,13
1.192.240.184,13
2.59.134.20,13
40.77.190.112,13
207.46.13.102,13
40.77.189.189,13
223.198.122.121,13
183.228.190.91,13
111.42.119.41,13
113.5.161.130,13
36.132.162.96,13
111.55.113.177,13
1.191.188.91,13
60.15.136.169,13
112.103.78.243,13
221.212.60.238,13
111.55.113.159,13
42.100.134.127,13
112.103.55.63,13
223.104.113.248,13
60.15.135.40,13
117.179.167.102,13
117.136.56.82,13
117.179.111.9,13
42.102.120.15,13
60.14.155.239,13
111.41.120.27,13
123.167.69.127,13
117.61.176.2,13
1.189.103.144,13
111.55.114.80,13
112.98.202.192,13
113.0.174.95,13
60.218.233.152,13
60.15.135.201,13
117.179.82.123,13
117.179.199.238,13
111.55.113.98,13
119.183.123.71,13
40.77.167.108,13
123.8.67.140,13
49.4.17.18,13
140.249.15.160,13
223.72.15.101,13
140.249.15.143,13
207.46.13.150,13
44.231.202.44,13
36.104.227.80,13
66.249.75.166,13
95.214.55.144,12
40.77.188.173,12
157.55.39.52,12
40.77.188.134,12
40.77.190.68,12
123.167.39.8,12
117.179.191.233,12
1.58.120.34,12
113.5.161.128,12
223.104.113.31,12
223.104.114.21,12
218.24.123.103,12
223.104.113.62,12
223.104.255.74,12
111.55.114.103,12
111.41.147.177,12
113.0.162.100,12
117.179.144.139,12
117.136.57.180,12
60.15.136.44,12
223.104.116.204,12
111.43.156.180,12
111.43.142.151,12
117.179.3.112,12
117.179.83.208,12
117.179.86.17,12
111.55.114.85,12
36.132.130.201,12
223.104.116.54,12
111.55.114.92,12
113.4.77.102,12
117.179.82.5,12
112.99.64.38,12
52.167.144.59,12
112.101.202.174,12
113.6.161.99,12
42.102.132.208,12
52.25.208.208,12
66.249.75.37,12
221.207.166.144,12
140.249.15.153,12
115.231.78.12,11
40.77.202.180,11
157.55.39.13,11
157.55.39.62,11
116.179.33.207,11
116.179.33.10,11
1.190.48.82,11
52.167.144.206,11
117.179.81.55,11
112.98.146.173,11
42.102.101.58,11
223.104.113.181,11
223.104.114.187,11
42.102.136.245,11
111.55.113.47,11
221.208.69.251,11
111.55.113.44,11
111.42.119.175,11
42.102.139.163,11
223.104.115.201,11
111.41.230.130,11
117.179.216.223,11
81.209.177.145,11
113.3.132.125,11
113.4.87.55,11
223.104.114.82,11
42.184.178.28,11
117.136.56.211,11
60.219.155.30,11
111.41.226.100,11
60.14.148.66,11
123.167.56.255,11
113.5.6.96,11
117.136.57.143,11
1.62.84.95,11
113.6.185.100,11
111.41.19.157,11
117.179.204.107,11
117.179.230.179,11
1.60.145.137,11
218.9.30.6,11
42.102.134.70,11
111.55.114.51,11
117.136.57.184,11
111.40.128.20,11
112.103.25.207,11
111.55.113.40,11
60.219.155.42,11
223.104.17.235,11
42.102.129.159,11
36.132.145.209,11
117.179.170.132,11
106.45.35.138,11
185.196.8.126,11
1.192.240.136,11
124.64.16.26,11
36.132.188.44,11
42.102.172.83,11
111.40.49.74,11
111.43.110.164,11
66.249.73.192,11
112.101.75.40,11
140.249.15.166,11
116.179.33.21,10
40.77.189.55,10
40.77.189.242,10
40.77.189.195,10
116.179.33.146,10
40.77.139.0,10
40.77.189.255,10
116.179.33.16,10
40.77.189.27,10
40.77.189.232,10
113.2.116.90,10
40.77.189.171,10
116.179.33.19,10
207.46.13.130,10
40.77.189.86,10
40.77.189.47,10
122.158.196.53,10
1.190.214.242,10
40.77.189.124,10
112.36.73.127,10
192.155.88.231,10
218.10.120.56,10
42.102.37.187,10
117.136.7.250,10
112.98.132.108,10
223.104.43.3,10
223.104.114.3,10
123.167.51.252,10
1.61.3.204,10
139.214.254.227,10
40.77.188.157,10
60.218.93.163,10
1.63.148.179,10
113.9.223.193,10
123.166.54.54,10
141.98.11.96,10
111.42.159.226,10
42.102.159.127,10
223.104.17.236,10
113.4.246.111,10
42.102.155.127,10
42.102.102.197,10
111.41.133.88,10
117.179.5.124,10
223.104.114.71,10
222.170.115.158,10
111.42.159.201,10
111.40.59.7,10
112.103.120.1,10
223.13.13.6,10
223.104.114.92,10
123.166.55.36,10
113.5.8.25,10
122.157.220.241,10
123.167.88.206,10
1.191.13.19,10
42.102.130.161,10
122.159.39.92,10
42.100.145.77,10
112.101.202.70,10
111.43.159.130,10
113.9.223.103,10
112.98.221.201,10
122.157.19.66,10
117.179.245.227,10
60.219.242.75,10
159.203.119.184,10
42.102.152.127,10
36.132.188.160,10
140.249.15.171,10
60.219.155.107,10
27.38.202.97,10
52.167.144.225,9
116.179.33.17,9
116.179.33.211,9
116.179.33.209,9
84.54.51.41,9
52.167.144.58,9
116.179.33.20,9
116.179.33.137,9
116.179.33.135,9
40.77.190.155,9
40.77.190.237,9
40.77.188.6,9
117.136.104.92,9
40.77.190.44,9
207.46.13.128,9
40.77.190.133,9
40.77.188.246,9
52.70.240.171,9
23.22.35.162,9
116.179.33.12,9
40.77.189.182,9
45.79.168.172,9
112.243.67.221,9
110.249.201.14,9
52.167.144.234,9
117.136.7.60,9
113.6.2.25,9
117.179.199.249,9
117.179.169.115,9
42.101.103.231,9
111.41.17.82,9
112.98.196.32,9
36.132.191.204,9
117.179.144.177,9
42.102.138.177,9
223.104.17.206,9
36.132.146.171,9
223.104.113.22,9
117.179.216.167,9
39.144.93.198,9
113.5.7.167,9
223.104.116.33,9
1.189.246.49,9
223.104.114.28,9
42.100.170.255,9
42.102.244.95,9
40.77.190.199,9
111.43.205.117,9
223.104.118.34,9
113.4.112.111,9
60.15.135.246,9
36.132.189.21,9
111.40.59.140,9
123.167.72.255,9
112.103.79.151,9
117.179.87.135,9
1.62.35.45,9
60.15.136.186,9
113.0.210.43,9
58.247.23.209,9
60.219.155.76,9
111.55.113.191,9
111.43.59.74,9
36.132.179.64,9
111.55.112.6,9
122.159.43.196,9
122.159.31.173,9
122.159.58.118,9
60.219.155.45,9
223.104.114.140,9
113.9.223.218,9
125.211.40.157,9
113.1.94.79,9
42.185.162.63,9
60.15.135.88,9
60.15.137.98,9
1.58.55.167,9
123.167.37.150,9
111.42.234.5,9
117.179.219.206,9
1.58.215.49,9
42.185.163.204,9
113.0.210.93,9
113.6.2.130,9
117.136.56.246,9
111.40.142.192,9
49.4.17.177,9
122.228.19.75,9
140.249.15.156,9
44.230.252.91,9
140.249.15.176,9
60.219.242.198,9
116.179.33.84,8
36.132.195.77,8
40.77.188.91,8
116.179.33.142,8
40.77.189.44,8
120.245.61.147,8
116.179.33.77,8
116.179.33.206,8
116.179.33.15,8
111.40.118.14,8
40.77.190.145,8
40.77.202.169,8
40.77.188.237,8
1.189.116.89,8
42.185.162.68,8
40.77.188.114,8
111.43.137.85,8
207.46.13.64,8
40.77.190.78,8
116.179.33.71,8
40.77.189.28,8
40.77.188.46,8
36.99.136.136,8
40.77.190.6,8
40.77.190.213,8
40.77.190.240,8
40.77.188.102,8
40.77.190.97,8
218.203.52.213,8
52.167.144.15,8
40.77.190.20,8
40.77.188.51,8
111.41.106.92,8
123.167.71.127,8
42.100.174.127,8
113.5.5.234,8
42.102.183.255,8
223.104.113.8,8
117.179.167.160,8
60.219.155.108,8
112.98.196.148,8
111.55.114.131,8
223.104.17.212,8
60.15.135.42,8
117.136.57.85,8
42.102.141.80,8
111.25.197.216,8
1.59.152.88,8
223.104.114.86,8
42.102.132.12,8
117.179.219.98,8
40.77.188.206,8
111.41.16.86,8
42.102.190.127,8
111.41.203.57,8
111.40.147.102,8
111.55.113.16,8
221.206.142.212,8
117.136.57.131,8
223.104.116.130,8
1.188.165.34,8
111.55.113.196,8
36.132.130.76,8
117.136.56.148,8
60.11.212.73,8
60.15.135.38,8
117.179.112.130,8
39.154.228.227,8
111.41.38.63,8
1.191.11.163,8
123.167.35.183,8
60.15.135.4,8
117.179.10.3,8
111.42.93.149,8
113.9.223.176,8
113.7.7.103,8
111.40.139.144,8
223.104.17.7,8
112.103.222.48,8
223.104.116.140,8
218.16.138.122,8
111.41.1.46,8
60.15.136.155,8
20.15.133.190,8
40.77.190.182,8
95.214.53.99,8
223.104.116.195,8
157.55.39.6,8
49.4.17.162,8
140.249.15.167,8
140.249.15.162,8
43.137.46.51,8
140.249.15.139,8
138.201.36.87,8
223.104.113.151,8
223.104.113.44,8
122.159.75.209,8
112.124.55.92,8
140.249.15.172,8
120.238.217.179,8
140.249.15.165,8
183.81.169.139,7
40.77.190.212,7
66.249.65.106,7
110.249.202.4,7
116.179.33.85,7
60.188.11.16,7
40.77.188.250,7
40.77.190.75,7
40.77.188.139,7
110.249.201.241,7
116.179.33.81,7
40.77.190.190,7
116.179.33.79,7
116.179.33.13,7
117.136.56.56,7
110.249.202.193,7
40.77.188.151,7
116.179.33.203,7
40.77.190.65,7
4.255.78.239,7
40.77.189.133,7
111.225.149.14,7
40.77.190.216,7
116.179.33.74,7
120.245.61.66,7
40.77.202.133,7
111.40.141.90,7
110.249.202.92,7
111.225.149.164,7
36.99.136.137,7
40.77.188.95,7
111.225.149.162,7
110.249.202.186,7
40.77.190.106,7
40.77.188.163,7
40.77.190.81,7
110.251.153.123,7
40.77.189.96,7
40.77.188.64,7
52.167.144.55,7
221.201.227.185,7
40.77.202.14,7
111.55.114.119,7
40.77.189.251,7
40.77.188.129,7
40.77.188.182,7
113.2.35.150,7
40.77.189.64,7
111.225.149.158,7
112.103.67.108,7
120.245.61.243,7
40.77.189.186,7
42.100.168.255,7
111.43.208.27,7
111.55.112.108,7
223.104.114.50,7
111.43.211.181,7
40.77.189.125,7
111.55.113.176,7
113.5.161.109,7
223.104.114.7,7
1.63.148.205,7
223.104.113.38,7
1.62.144.234,7
223.104.116.103,7
117.136.7.79,7
117.179.142.201,7
182.204.23.43,7
122.157.161.209,7
111.40.140.191,7
36.113.32.158,7
223.104.17.228,7
1.63.31.17,7
122.158.192.207,7
123.166.55.241,7
40.77.190.37,7
40.77.189.119,7
223.104.114.152,7
111.55.113.182,7
111.55.114.180,7
60.219.155.150,7
221.211.107.8,7
1.192.245.50,7
123.167.77.255,7
42.102.162.62,7
223.104.114.182,7
221.207.226.87,7
60.219.155.68,7
111.41.114.251,7
42.102.128.160,7
117.179.87.211,7
42.185.196.144,7
1.191.163.194,7
42.185.107.111,7
112.98.221.72,7
42.185.193.110,7
111.55.112.73,7
1.189.207.213,7
112.103.28.17,7
113.5.12.113,7
36.132.145.243,7
123.167.57.255,7
66.249.73.132,7
117.136.7.196,7
113.8.34.1,7
140.249.15.140,7
66.249.68.70,7
66.249.68.64,7
66.249.79.143,7
140.249.15.152,7
66.249.66.33,7
220.197.232.144,7
120.245.60.110,7
112.111.55.133,7
1.192.241.135,7
123.164.201.62,7
113.9.223.221,7
223.104.176.152,7
221.216.116.240,7
40.77.202.20,6
110.249.202.160,6
60.188.9.156,6
40.77.190.128,6
193.177.182.8,6
111.55.114.74,6
110.249.202.85,6
40.77.190.5,6
116.179.33.208,6
40.77.202.6,6
40.77.190.165,6
116.179.33.212,6
110.249.201.183,6
40.77.190.219,6
116.179.33.148,6
40.77.188.68,6
40.77.190.95,6
40.77.190.110,6
110.249.202.188,6
40.77.190.35,6
116.179.33.82,6
40.77.189.92,6
40.77.189.138,6
49.93.227.158,6
40.77.188.125,6
40.77.189.30,6
110.249.201.44,6
40.77.189.222,6
40.77.202.72,6
111.225.149.132,6
40.77.188.87,6
40.77.189.111,6
116.179.33.80,6
52.167.144.14,6
40.77.190.214,6
110.249.202.68,6
111.225.148.135,6
40.77.188.214,6
111.225.148.98,6
110.249.202.67,6
116.179.33.76,6
111.225.148.188,6
3.224.220.101,6
39.144.102.107,6
42.102.178.255,6
111.225.148.87,6
61.54.108.202,6
110.249.202.248,6
40.77.189.212,6
111.225.149.102,6
40.77.190.189,6
40.77.188.118,6
198.74.56.46,6
40.77.190.138,6
40.77.188.247,6
40.77.188.25,6
66.240.236.109,6
40.77.188.255,6
40.77.189.134,6
110.249.201.100,6
223.104.113.194,6
111.55.114.34,6
40.77.190.157,6
116.179.33.11,6
42.100.128.255,6
42.100.140.255,6
198.74.56.135,6
62.171.164.189,6
1.192.244.84,6
40.77.189.34,6
210.52.224.19,6
210.52.224.21,6
40.77.189.9,6
40.77.190.10,6
40.77.190.29,6
221.206.141.101,6
40.77.189.14,6
112.99.227.110,6
111.225.148.142,6
113.2.74.42,6
1.57.232.234,6
113.5.7.103,6
60.15.137.129,6
222.170.114.161,6
223.104.114.29,6
111.42.119.247,6
60.15.136.100,6
42.185.96.105,6
52.10.234.249,6
40.77.189.150,6
111.40.139.54,6
42.102.179.255,6
183.136.225.31,6
223.104.17.193,6
60.15.135.190,6
40.77.189.15,6
117.179.83.243,6
40.77.189.53,6
42.102.166.110,6
113.9.223.78,6
117.179.82.22,6
123.165.55.239,6
111.55.113.206,6
111.40.59.45,6
117.61.20.11,6
117.179.199.186,6
60.15.136.183,6
42.100.138.127,6
36.132.175.68,6
42.102.150.255,6
60.15.232.81,6
125.211.82.86,6
111.41.164.146,6
122.159.4.96,6
42.103.5.84,6
223.104.237.79,6
223.104.113.27,6
123.164.1.75,6
112.102.125.29,6
60.15.135.243,6
223.104.114.72,6
40.77.188.61,6
113.8.35.11,6
111.42.84.144,6
223.104.113.2,6
117.136.7.208,6
36.132.229.6,6
36.132.183.226,6
111.40.140.27,6
1.62.18.115,6
111.40.59.204,6
1.189.180.210,6
223.104.113.177,6
1.58.1.240,6
114.233.221.15,6
1.63.148.241,6
221.208.118.82,6
117.179.182.237,6
223.104.113.242,6
221.209.160.216,6
42.102.145.127,6
1.191.7.148,6
111.40.72.146,6
60.219.155.31,6
61.243.209.176,6
60.219.242.108,6
1.57.186.26,6
223.104.116.67,6
223.104.17.251,6
111.42.84.147,6
117.179.86.206,6
113.5.161.159,6
120.244.42.43,6
113.9.223.223,6
60.15.135.69,6
117.136.56.236,6
223.104.114.34,6
223.104.116.208,6
117.179.202.44,6
40.77.188.42,6
185.224.128.200,6
1.188.203.208,6
198.251.77.72,6
52.167.144.54,6
40.77.202.136,6
80.240.126.243,6
40.77.190.170,6
120.245.60.179,6
20.15.133.186,6
140.249.15.135,6
223.72.15.98,6
66.249.68.71,6
148.251.4.36,6
112.102.214.186,6
1.191.189.175,6
223.104.116.44,6
171.8.172.140,6
42.101.193.148,6
223.104.113.47,6
113.8.33.59,6
223.104.113.18,6
183.17.55.172,6
140.249.15.168,6
223.104.116.138,6
140.249.15.170,6
216.244.66.250,6
110.249.201.47,5
111.225.148.70,5
116.179.33.83,5
110.249.201.165,5
110.249.202.79,5
110.249.202.154,5
110.249.202.169,5
40.77.190.245,5
120.245.60.107,5
40.77.202.103,5
39.173.107.156,5
110.249.202.247,5
116.179.33.213,5
110.249.202.100,5
40.77.188.238,5
40.77.188.128,5
40.77.190.17,5
111.225.149.244,5
111.225.149.204,5
116.179.33.143,5
39.173.105.198,5
40.77.188.175,5
110.249.202.150,5
111.225.149.117,5
116.179.33.144,5
116.179.33.136,5
40.77.189.146,5
52.167.144.5,5
52.167.144.8,5
123.166.142.40,5
116.179.33.72,5
116.179.33.139,5
111.225.148.140,5
110.249.202.45,5
36.132.146.126,5
111.225.149.177,5
40.77.189.185,5
111.225.148.204,5
52.167.144.13,5
94.102.49.193,5
157.55.39.57,5
60.219.155.123,5
116.179.33.202,5
40.77.190.207,5
40.77.188.153,5
1.192.244.39,5
40.77.188.63,5
40.77.190.150,5
20.15.133.175,5
116.179.33.141,5
110.249.202.134,5
40.77.190.158,5
111.225.149.92,5
106.113.66.21,5
152.42.180.148,5
110.249.201.153,5
111.225.149.115,5
110.249.201.82,5
110.249.202.245,5
40.77.190.13,5
111.225.149.232,5
40.77.190.79,5
116.179.33.75,5
111.225.148.92,5
110.249.201.237,5
110.249.201.70,5
2.57.122.161,5
110.249.201.155,5
113.9.223.38,5
40.77.189.103,5
120.245.86.193,5
171.15.10.192,5
40.77.188.130,5
40.77.190.11,5
113.8.33.137,5
110.249.202.8,5
40.77.189.240,5
120.245.60.125,5
110.249.201.62,5
40.77.188.149,5
110.249.202.54,5
40.77.189.126,5
117.136.56.120,5
40.77.188.171,5
207.46.13.92,5
40.77.188.110,5
40.77.189.114,5
111.225.148.157,5
40.77.188.126,5
40.77.202.45,5
110.249.201.172,5
111.42.119.169,5
110.249.201.5,5
40.77.202.168,5
111.225.149.184,5
40.77.202.76,5
111.42.119.52,5
210.52.224.20,5
124.160.201.116,5
40.77.189.188,5
223.72.33.15,5
111.225.149.147,5
111.225.149.12,5
42.185.163.35,5
116.179.33.147,5
61.156.118.116,5
111.41.106.79,5
223.104.115.157,5
113.7.6.42,5
40.77.202.93,5
117.179.4.198,5
111.55.113.20,5
36.132.130.34,5
111.41.100.140,5
183.136.225.29,5
223.104.116.121,5
117.179.3.9,5
111.55.113.91,5
111.43.202.118,5
60.15.137.207,5
60.15.135.121,5
117.136.56.34,5
42.100.171.255,5
42.102.135.247,5
113.4.171.75,5
123.167.53.7,5
1.58.195.144,5
111.41.210.176,5
52.167.144.10,5
122.156.187.161,5
39.144.93.221,5
1.58.120.73,5
111.55.113.36,5
113.4.22.254,5
60.219.76.206,5
60.219.155.205,5
42.123.77.217,5
112.103.106.141,5
223.104.114.101,5
36.132.145.229,5
111.41.158.156,5
111.43.30.143,5
60.15.136.220,5
111.55.114.104,5
42.102.135.210,5
223.104.114.43,5
113.5.161.9,5
1.61.21.153,5
123.113.207.197,5
175.162.50.104,5
223.104.115.140,5
60.15.137.3,5
113.5.3.185,5
42.102.139.81,5
117.179.56.16,5
116.177.28.89,5
123.165.140.195,5
117.179.252.146,5
111.55.113.220,5
36.132.168.143,5
111.55.113.3,5
116.179.33.200,5
1.58.233.178,5
60.219.205.253,5
40.77.190.113,5
117.179.107.76,5
42.102.180.127,5
221.209.120.51,5
117.179.127.108,5
111.225.148.103,5
42.103.131.155,5
223.104.114.106,5
60.15.137.89,5
223.104.114.25,5
42.102.121.237,5
117.136.57.233,5
122.157.116.240,5
123.167.62.255,5
60.218.42.199,5
36.132.249.196,5
221.211.86.0,5
60.15.135.78,5
112.96.236.174,5
111.40.59.48,5
42.100.145.54,5
110.249.201.3,5
111.40.59.78,5
117.136.57.239,5
223.104.114.103,5
42.102.165.175,5
113.1.117.116,5
42.102.187.127,5
113.0.108.220,5
117.179.230.184,5
1.62.136.141,5
116.179.33.201,5
52.167.144.18,5
113.3.3.74,5
40.77.202.191,5
113.6.0.107,5
111.225.148.150,5
111.41.1.88,5
42.102.161.242,5
36.132.190.249,5
60.219.155.47,5
120.245.60.163,5
111.41.38.60,5
42.100.140.127,5
116.179.33.138,5
40.77.188.201,5
101.67.49.77,5
40.77.188.4,5
40.77.189.84,5
42.102.132.78,5
223.104.116.71,5
139.215.45.119,5
207.46.13.87,5
40.77.188.62,5
111.225.149.71,5
116.179.33.149,5
40.77.139.3,5
40.77.189.230,5
52.167.144.195,5
40.77.202.47,5
40.77.202.154,5
37.60.241.7,5
40.77.202.99,5
40.77.190.41,5
60.15.137.114,5
1.188.103.114,5
60.174.233.213,5
223.72.15.150,5
52.167.144.201,5
195.191.219.132,5
223.166.172.4,5
40.77.188.101,5
123.160.152.218,5
40.77.190.206,5
40.77.190.89,5
123.160.152.178,5
1.188.215.151,5
66.249.75.167,5
120.245.60.148,5
40.77.190.172,5
111.225.148.242,4
60.188.9.188,4
110.249.202.94,4
110.249.201.79,4
111.225.149.20,4
40.77.189.106,4
111.225.149.131,4
116.179.33.210,4
172.104.131.24,4
144.76.22.237,4
110.249.201.57,4
111.225.148.93,4
111.225.148.156,4
110.249.201.194,4
40.77.189.19,4
40.77.189.51,4
110.249.201.140,4
116.179.33.73,4
40.77.190.169,4
40.77.190.86,4
110.249.202.238,4
84.54.51.37,4
40.77.188.73,4
40.77.190.54,4
40.77.189.1,4
40.77.190.232,4
40.77.189.234,4
110.249.201.232,4
111.225.148.192,4
111.225.149.192,4
40.77.189.167,4
110.249.201.149,4
110.249.201.185,4
40.77.188.65,4
40.77.190.70,4
110.249.202.59,4
110.249.201.77,4
111.225.148.14,4
111.225.148.209,4
110.249.201.131,4
66.249.65.105,4
40.77.188.76,4
60.188.9.161,4
110.249.202.205,4
110.249.202.133,4
40.77.188.94,4
40.77.190.66,4
121.236.242.194,4
36.99.136.128,4
110.249.202.121,4
39.173.107.129,4
112.13.112.45,4
115.231.78.7,4
111.41.155.143,4
40.77.190.236,4
111.225.148.244,4
40.77.190.123,4
52.167.144.1,4
110.249.202.50,4
112.224.150.129,4
40.77.190.61,4
116.179.33.205,4
40.77.189.67,4
40.77.188.13,4
110.249.201.119,4
40.77.189.94,4
40.77.188.43,4
40.77.189.7,4
40.77.189.132,4
111.225.148.238,4
40.77.190.122,4
111.225.148.19,4
40.77.189.121,4
110.249.201.110,4
110.249.201.16,4
40.77.189.120,4
40.77.189.147,4
110.249.202.17,4
110.249.201.45,4
111.225.148.18,4
110.249.201.86,4
40.77.190.228,4
40.77.188.183,4
40.77.188.180,4
157.55.39.7,4
110.249.202.46,4
20.15.133.173,4
111.225.148.7,4
110.249.201.145,4
40.77.189.71,4
110.249.202.52,4
162.243.137.16,4
207.46.13.54,4
110.249.201.111,4
111.225.148.12,4
110.249.202.48,4
110.249.201.12,4
45.90.220.113,4
40.77.190.161,4
40.77.188.148,4
111.225.148.72,4
110.249.202.204,4
111.225.148.246,4
110.249.201.190,4
116.179.33.204,4
110.249.202.61,4
60.188.11.17,4
110.249.202.148,4
110.249.202.10,4
110.249.201.144,4
40.77.189.220,4
40.77.189.40,4
40.77.189.93,4
113.6.1.38,4
111.225.148.15,4
69.164.217.245,4
40.77.190.146,4
111.225.149.247,4
111.225.149.58,4
111.225.149.15,4
111.225.149.105,4
110.249.201.78,4
40.77.189.137,4
110.249.202.183,4
110.249.202.164,4
110.249.202.159,4
103.56.61.144,4
101.67.29.189,4
40.77.189.2,4
110.249.201.208,4
101.82.182.22,4
116.179.33.145,4
69.164.217.74,4
40.77.189.45,4
111.225.149.239,4
52.81.87.90,4
40.77.188.233,4
101.67.29.73,4
40.77.189.161,4
40.77.189.217,4
110.249.202.157,4
40.77.188.17,4
111.225.148.55,4
110.249.202.161,4
39.144.85.148,4
122.156.179.122,4
40.77.189.207,4
110.249.202.232,4
40.77.189.69,4
66.240.236.116,4
40.77.202.62,4
110.249.202.60,4
110.249.202.143,4
123.167.66.127,4
40.77.189.8,4
111.225.148.109,4
110.249.202.93,4
110.249.202.190,4
111.225.149.160,4
110.249.202.113,4
210.52.224.22,4
117.179.91.160,4
118.123.105.93,4
111.225.149.5,4
112.39.104.71,4
110.249.202.234,4
40.77.188.216,4
111.225.148.141,4
111.225.148.8,4
116.179.33.140,4
40.77.189.38,4
42.185.167.123,4
110.249.201.103,4
110.249.202.236,4
39.173.107.151,4
40.77.188.2,4
110.249.201.69,4
117.179.87.230,4
40.77.190.162,4
111.225.149.49,4
27.204.43.182,4
52.167.144.12,4
52.167.144.3,4
111.41.46.25,4
101.67.50.13,4
110.249.201.17,4
101.67.49.16,4
42.102.147.255,4
36.132.176.151,4
113.5.13.11,4
223.104.115.172,4
111.55.112.103,4
117.179.202.120,4
122.158.76.208,4
60.219.155.147,4
117.136.7.195,4
112.101.96.234,4
110.249.201.186,4
40.77.202.171,4
111.41.163.7,4
113.2.184.48,4
111.41.155.150,4
60.15.137.145,4
223.72.33.23,4
40.77.202.66,4
40.77.202.113,4
1.62.240.29,4
117.179.199.210,4
40.77.202.137,4
40.77.202.122,4
40.77.189.225,4
36.132.231.82,4
1.189.110.86,4
123.167.50.1,4
117.179.87.137,4
223.104.116.14,4
111.42.119.254,4
123.164.200.15,4
223.104.116.216,4
112.99.153.209,4
36.99.38.254,4
42.102.226.164,4
171.111.208.144,4
110.249.201.160,4
1.61.14.117,4
111.55.113.194,4
223.104.113.141,4
42.100.161.255,4
110.249.202.180,4
40.77.202.176,4
113.6.0.60,4
175.167.155.255,4
117.179.250.162,4
36.112.199.245,4
111.42.159.45,4
110.249.201.166,4
223.104.114.174,4
42.184.180.8,4
1.189.167.239,4
111.55.114.158,4
218.10.157.147,4
1.189.149.96,4
223.104.114.31,4
113.3.48.220,4
223.104.113.161,4
117.136.7.119,4
1.188.165.111,4
117.136.57.219,4
223.104.115.66,4
123.167.33.56,4
223.104.115.82,4
111.225.149.59,4
111.41.225.243,4
113.9.223.170,4
60.218.8.53,4
111.55.113.10,4
36.132.128.127,4
113.5.8.93,4
111.55.113.52,4
1.58.120.142,4
111.225.148.42,4
36.132.229.161,4
112.103.107.50,4
218.12.16.89,4
183.193.41.155,4
1.191.99.132,4
157.55.39.222,4
36.132.152.61,4
111.41.186.234,4
123.167.46.255,4
39.144.55.148,4
117.136.7.222,4
223.104.115.85,4
111.42.159.220,4
111.42.252.36,4
125.211.159.171,4
111.41.46.243,4
111.225.148.165,4
113.5.161.122,4
110.249.201.234,4
183.192.118.119,4
1.189.94.33,4
221.207.73.229,4
60.15.136.230,4
113.2.32.90,4
113.5.8.44,4
1.61.21.93,4
42.100.191.151,4
110.249.202.146,4
5.9.55.228,4
60.219.155.182,4
110.249.202.230,4
36.132.176.76,4
111.41.160.32,4
112.98.220.61,4
112.97.86.138,4
42.184.165.248,4
223.160.144.220,4
111.42.159.219,4
110.249.202.175,4
122.136.197.120,4
113.1.113.165,4
223.104.113.115,4
39.144.103.138,4
111.55.114.169,4
111.225.148.21,4
111.225.149.189,4
110.249.201.71,4
110.249.201.64,4
66.249.73.128,4
117.179.250.230,4
45.33.87.154,4
101.67.50.39,4
42.102.168.222,4
185.224.128.10,4
157.55.39.202,4
52.167.144.197,4
110.249.201.68,4
40.77.202.174,4
157.55.39.225,4
40.77.202.32,4
111.225.149.7,4
101.53.155.110,4
110.249.202.235,4
111.225.148.73,4
113.8.34.100,4
89.248.168.37,4
66.249.66.6,4
195.191.219.131,4
123.52.22.175,4
1.192.247.162,4
88.216.2.82,4
42.185.161.202,4
60.219.155.48,4
110.249.201.200,4
66.249.69.14,4
66.249.69.13,4
110.249.201.109,4
171.10.84.66,4
154.213.64.6,4
217.113.194.9,4
195.191.219.130,4
42.100.133.133,4
223.101.26.189,4
36.132.239.86,4
223.104.113.52,4
110.249.202.243,3
136.243.220.213,3
110.249.201.135,3
110.249.202.241,3
66.249.65.104,3
143.110.182.33,3
144.76.22.101,3
60.188.9.109,3
39.173.107.132,3
101.67.50.8,3
111.225.149.236,3
42.236.17.36,3
36.249.156.39,3
1.192.247.98,3
60.188.11.37,3
120.245.61.107,3
40.77.188.196,3
40.77.188.159,3
40.77.188.115,3
40.77.188.84,3
110.249.202.71,3
110.249.201.173,3
111.225.148.136,3
42.236.12.252,3
110.249.202.63,3
40.77.188.70,3
40.77.190.205,3
40.77.189.151,3
40.77.190.83,3
40.77.202.190,3
40.77.202.139,3
110.249.201.117,3
101.67.49.69,3
40.77.190.48,3
40.77.190.104,3
111.225.148.151,3
110.249.201.94,3
40.77.188.111,3
40.77.190.42,3
110.249.201.174,3
40.77.202.145,3
40.77.202.50,3
40.77.202.83,3
60.188.9.151,3
111.225.148.85,3
40.77.189.162,3
40.77.190.34,3
40.77.190.174,3
112.13.112.5,3
162.243.143.11,3
40.77.189.193,3
110.249.201.106,3
223.72.20.130,3
117.136.7.15,3
40.77.188.218,3
40.77.188.108,3
101.67.29.143,3
40.77.189.107,3
40.77.188.140,3
40.77.190.71,3
40.77.190.124,3
110.249.201.150,3
110.249.202.7,3
111.225.148.57,3
40.77.190.163,3
40.77.189.139,3
111.225.149.43,3
110.249.202.203,3
110.249.201.48,3
111.225.149.195,3
111.225.149.8,3
134.209.98.10,3
110.249.201.8,3
111.225.149.190,3
110.249.201.199,3
165.227.47.218,3
111.225.149.121,3
40.77.189.118,3
111.225.149.119,3
110.249.202.240,3
111.225.148.206,3
116.179.33.199,3
110.249.201.146,3
110.249.201.196,3
40.77.190.134,3
40.77.202.58,3
40.77.202.61,3
40.77.189.231,3
40.77.189.113,3
40.77.188.210,3
40.77.190.14,3
110.249.202.19,3
40.77.189.63,3
40.77.189.98,3
216.244.66.242,3
111.225.149.171,3
111.225.148.49,3
40.77.190.109,3
40.77.189.65,3
110.249.202.42,3
101.67.50.33,3
1.63.148.56,3
111.225.149.82,3
110.249.202.165,3
111.225.149.51,3
116.179.33.18,3
40.77.188.229,3
51.158.205.47,3
40.77.189.46,3
110.249.202.109,3
110.249.201.138,3
58.16.83.239,3
111.225.148.113,3
66.249.74.137,3
110.249.202.168,3
111.225.148.86,3
112.13.112.35,3
111.225.149.104,3
111.225.149.100,3
110.249.202.170,3
111.225.148.91,3
40.77.190.223,3
45.142.182.92,3
110.249.201.207,3
60.188.11.41,3
110.249.202.139,3
110.249.201.203,3
40.77.190.85,3
40.77.188.20,3
110.249.201.52,3
110.249.201.10,3
40.77.189.143,3
40.77.190.246,3
110.249.201.243,3
120.245.60.7,3
111.225.148.163,3
111.225.149.4,3
112.13.112.30,3
111.225.148.80,3
101.67.50.12,3
110.249.201.18,3
178.128.84.112,3
111.225.149.101,3
110.249.202.3,3
110.249.202.189,3
110.249.202.244,3
111.225.149.174,3
110.249.201.156,3
110.249.201.139,3
101.67.29.182,3
110.249.201.164,3
111.225.149.180,3
40.77.188.188,3
40.77.188.98,3
40.77.189.18,3
40.77.190.160,3
52.167.144.7,3
223.104.189.28,3
101.67.29.147,3
40.77.190.142,3
40.77.189.75,3
111.225.148.115,3
110.249.201.169,3
110.249.202.208,3
40.77.188.241,3
40.77.190.102,3
112.13.112.3,3
110.249.201.89,3
1.56.39.201,3
198.199.116.5,3
110.249.201.21,3
123.164.83.2,3
116.62.70.37,3
110.249.201.4,3
42.100.142.127,3
40.77.190.88,3
111.225.148.133,3
101.132.154.126,3
111.225.149.185,3
123.160.243.152,3
107.170.253.37,3
111.225.149.84,3
40.77.189.149,3
40.77.190.19,3
111.225.149.62,3
167.99.13.19,3
111.225.149.173,3
40.77.188.221,3
111.225.149.230,3
60.15.136.126,3
112.13.112.29,3
40.77.188.193,3
40.77.189.245,3
110.249.201.231,3
110.249.202.53,3
40.77.190.238,3
111.225.149.46,3
40.77.190.171,3
40.77.189.136,3
111.225.149.170,3
110.249.201.114,3
110.17.81.15,3
111.225.149.67,3
42.102.176.255,3
115.234.68.181,3
40.77.202.90,3
52.81.249.147,3
40.77.188.248,3
40.77.188.71,3
111.225.148.175,3
40.77.190.140,3
40.77.188.117,3
111.225.149.199,3
40.77.189.99,3
111.225.148.233,3
40.77.190.173,3
40.77.190.154,3
110.249.202.152,3
111.225.149.155,3
39.173.105.163,3
182.204.168.216,3
101.67.29.157,3
40.77.188.45,3
223.104.114.73,3
220.181.51.109,3
40.77.190.208,3
40.77.190.159,3
110.249.201.96,3
164.92.117.229,3
111.225.148.11,3
123.167.37.76,3
111.225.148.183,3
101.67.29.139,3
40.77.190.108,3
40.77.189.229,3
123.167.83.154,3
110.249.202.239,3
40.77.189.104,3
111.225.149.141,3
110.249.201.90,3
40.77.189.164,3
60.15.33.130,3
110.249.201.73,3
40.77.188.185,3
1.192.2.78,3
40.77.202.69,3
111.225.148.158,3
60.188.9.153,3
40.77.190.60,3
40.77.190.16,3
40.77.188.11,3
40.77.189.218,3
40.77.190.9,3
110.249.202.2,3
116.179.33.78,3
110.249.202.172,3
111.225.149.45,3
110.249.201.162,3
101.67.29.171,3
40.77.188.228,3
221.206.142.197,3
210.52.224.16,3
210.52.224.23,3
210.52.224.18,3
110.249.202.181,3
110.249.201.163,3
185.142.236.40,3
101.67.29.179,3
40.77.188.147,3
221.210.199.56,3
110.249.202.162,3
40.77.189.249,3
40.77.188.236,3
211.95.50.7,3
113.5.3.255,3
139.59.37.187,3
110.249.201.66,3
40.77.189.210,3
60.188.9.160,3
111.225.149.207,3
117.30.151.90,3
111.225.148.179,3
111.225.148.104,3
42.100.145.254,3
111.41.43.67,3
111.225.148.108,3
223.104.116.37,3
111.41.106.104,3
111.225.148.13,3
60.15.135.105,3
110.249.202.141,3
40.77.189.253,3
40.77.190.226,3
40.77.189.130,3
122.157.119.202,3
123.160.243.126,3
117.179.10.136,3
110.249.202.231,3
39.173.107.141,3
111.225.149.175,3
110.249.201.195,3
42.101.193.35,3
221.208.149.109,3
218.10.105.162,3
60.219.229.138,3
110.249.201.233,3
36.132.168.154,3
123.164.89.154,3
111.42.119.29,3
122.158.194.107,3
223.104.112.244,3
110.249.201.247,3
223.104.114.115,3
113.0.210.25,3
222.170.236.85,3
60.188.11.23,3
113.6.161.45,3
117.179.153.46,3
122.158.194.167,3
113.5.12.6,3
1.189.245.32,3
111.225.148.117,3
40.77.202.89,3
218.8.184.27,3
1.61.3.158,3
40.77.190.132,3
40.77.188.37,3
42.100.128.127,3
111.42.119.177,3
112.99.177.188,3
218.203.52.210,3
223.104.113.207,3
218.7.129.56,3
40.77.188.80,3
110.249.201.9,3
111.225.149.90,3
111.225.149.248,3
111.225.149.16,3
111.55.114.109,3
42.185.163.95,3
60.15.135.222,3
112.13.112.48,3
40.77.188.59,3
60.188.9.17,3
112.13.112.74,3
111.225.149.146,3
117.136.57.208,3
223.104.113.197,3
110.249.202.18,3
117.61.17.128,3
60.219.155.5,3
117.136.56.158,3
223.104.113.103,3
110.249.202.177,3
111.225.149.148,3
111.225.148.230,3
111.55.113.131,3
110.249.202.202,3
111.55.114.95,3
117.179.159.16,3
112.98.72.133,3
1.189.149.10,3
60.219.242.239,3
123.167.38.84,3
139.214.254.160,3
40.77.188.167,3
123.167.78.127,3
111.225.149.95,3
171.15.10.197,3
117.179.11.203,3
223.104.114.138,3
117.179.87.150,3
40.77.190.242,3
40.77.188.192,3
42.100.130.255,3
223.160.145.239,3
223.104.113.130,3
91.215.85.18,3
40.77.190.164,3
42.102.188.127,3
60.15.136.109,3
221.210.172.169,3
36.132.134.137,3
112.98.213.86,3
123.164.141.21,3
40.77.190.84,3
111.40.59.174,3
40.77.190.167,3
220.201.218.86,3
1.188.183.19,3
42.102.130.61,3
123.167.68.255,3
111.225.149.53,3
147.182.154.58,3
1.58.120.165,3
36.97.34.217,3
117.179.167.8,3
111.55.114.66,3
60.15.135.205,3
111.41.34.183,3
36.132.163.108,3
40.77.188.252,3
40.77.189.181,3
111.225.148.232,3
117.179.230.93,3
110.249.202.51,3
223.104.116.190,3
223.104.114.185,3
42.100.190.73,3
36.132.163.19,3
1.191.189.92,3
111.41.233.185,3
123.167.77.127,3
218.9.160.32,3
223.104.114.183,3
101.67.49.68,3
42.100.0.129,3
117.136.7.209,3
223.104.17.51,3
61.243.210.245,3
221.206.154.189,3
153.119.46.196,3
60.219.155.15,3
42.184.188.60,3
112.102.120.81,3
40.77.167.17,3
112.13.112.23,3
117.179.174.255,3
117.179.167.75,3
42.100.131.255,3
113.5.4.248,3
223.104.116.36,3
1.61.119.171,3
113.2.111.197,3
223.104.103.50,3
117.179.232.120,3
40.77.188.15,3
111.225.148.144,3
111.225.149.10,3
123.234.149.182,3
113.5.161.183,3
123.165.53.115,3
110.249.202.163,3
1.61.4.16,3
113.8.32.227,3
111.42.159.216,3
112.13.112.46,3
42.103.13.76,3
110.249.201.11,3
40.77.188.30,3
40.77.188.26,3
111.225.149.238,3
40.77.190.211,3
1.62.81.249,3
113.6.0.204,3
1.192.3.24,3
40.77.202.175,3
40.77.188.245,3
120.245.61.56,3
111.43.202.168,3
36.132.188.207,3
139.196.57.176,3
111.225.148.201,3
112.13.112.61,3
111.41.97.164,3
123.167.57.127,3
110.249.201.63,3
175.6.228.253,3
110.249.201.67,3
113.8.35.26,3
170.64.130.197,3
1.62.74.41,3
223.104.114.53,3
117.132.195.44,3
110.249.202.75,3
111.225.149.206,3
111.225.148.166,3
117.179.86.12,3
42.102.168.129,3
112.99.150.83,3
40.77.189.77,3
60.188.9.18,3
40.77.189.191,3
40.77.202.118,3
1.62.13.198,3
110.249.202.112,3
137.184.105.192,3
110.249.202.182,3
1.192.243.89,3
110.249.201.74,3
223.104.116.217,3
111.41.1.56,3
111.225.149.179,3
111.225.149.234,3
113.5.4.186,3
110.249.201.170,3
40.77.202.81,3
110.249.201.134,3
1.192.241.41,3
36.132.149.154,3
40.77.167.85,3
117.136.56.18,3
101.132.109.42,3
101.84.160.46,3
185.142.236.41,3
142.93.115.5,3
40.77.202.23,3
110.249.201.113,3
114.119.156.44,3
110.249.201.87,3
110.249.201.202,3
66.249.66.8,3
223.104.202.152,3
66.249.79.128,3
60.174.233.112,3
223.72.117.201,3
61.219.11.155,3
223.72.15.43,3
136.243.228.198,3
101.132.36.40,3
217.113.194.23,3
217.113.194.44,3
123.160.241.2,3
66.249.66.35,3
140.249.15.146,3
110.249.201.171,3
223.104.113.61,3
223.104.204.123,3
218.12.13.77,3
1.58.112.199,3
74.84.150.150,3
42.236.12.251,3
1.57.184.235,3
101.67.29.135,3
139.215.46.213,3
217.113.194.39,3
1.192.241.93,3
111.40.59.22,3
60.15.136.210,3
1.192.2.87,3
113.6.1.177,3
161.35.50.253,3
111.41.214.240,3
117.179.191.175,3
154.39.238.14,3
117.136.30.124,3
104.152.52.93,2
42.236.101.242,2
101.67.29.174,2
110.249.202.11,2
221.206.254.212,2
111.225.149.111,2
42.236.17.53,2
111.225.148.164,2
111.225.148.148,2
110.249.202.118,2
110.249.202.104,2
110.249.201.46,2
52.81.68.62,2
122.239.141.18,2
39.173.107.144,2
110.249.201.242,2
111.225.149.93,2
39.173.105.178,2
40.77.188.124,2
40.77.188.131,2
110.249.202.49,2
107.170.232.49,2
111.225.148.60,2
39.173.105.173,2
42.100.226.57,2
111.225.149.167,2
40.77.190.24,2
111.225.148.162,2
111.225.149.163,2
40.77.190.23,2
40.77.202.104,2
40.77.202.153,2
110.249.202.76,2
167.71.133.68,2
111.225.149.231,2
40.77.202.86,2
40.77.188.249,2
40.77.188.32,2
182.156.18.178,2
60.188.9.177,2
101.67.49.82,2
40.77.189.152,2
40.77.189.196,2
40.77.189.5,2
40.77.188.78,2
40.77.190.218,2
110.249.201.244,2
40.77.202.157,2
110.249.202.171,2
40.77.189.173,2
111.225.148.45,2
123.160.240.161,2
223.72.33.53,2
111.225.148.155,2
110.249.202.201,2
110.249.201.76,2
40.77.202.60,2
40.77.202.160,2
40.77.189.178,2
40.77.188.234,2
40.77.189.31,2
40.77.188.81,2
40.77.189.29,2
40.77.188.21,2
60.188.9.193,2
112.13.112.1,2
42.236.12.216,2
40.77.188.168,2
40.77.188.222,2
111.225.148.47,2
40.77.189.208,2
40.77.188.154,2
40.77.188.69,2
40.77.190.229,2
60.188.9.182,2
110.249.201.42,2
60.188.9.204,2
110.249.201.197,2
111.225.148.200,2
40.77.190.183,2
36.99.136.129,2
162.243.146.70,2
111.225.148.95,2
111.225.148.118,2
110.249.202.96,2
87.246.7.62,2
39.173.107.134,2
123.164.86.148,2
111.225.149.114,2
110.249.202.158,2
211.233.24.7,2
60.188.9.101,2
111.225.148.190,2
107.170.232.38,2
101.67.29.150,2
110.249.202.99,2
40.77.189.169,2
40.77.202.48,2
40.77.202.152,2
40.77.189.41,2
40.77.188.254,2
92.118.39.120,2
183.166.123.112,2
60.188.11.8,2
101.67.50.17,2
162.243.132.49,2
111.225.148.186,2
40.77.189.154,2
110.249.202.55,2
183.198.58.246,2
40.77.189.108,2
104.152.52.226,2
111.225.148.4,2
1.62.43.150,2
110.249.202.184,2
101.67.49.65,2
178.128.51.91,2
110.249.202.206,2
60.188.11.30,2
191.96.207.190,2
60.188.9.45,2
40.77.189.12,2
115.231.78.10,2
101.67.50.15,2
60.188.9.40,2
110.249.201.81,2
52.81.17.164,2
40.77.190.51,2
40.77.190.82,2
40.77.202.181,2
40.77.202.94,2
40.77.202.131,2
40.77.202.164,2
39.173.107.165,2
192.241.235.31,2
123.245.248.38,2
39.173.107.163,2
110.249.202.199,2
91.92.243.102,2
40.77.189.56,2
40.77.190.178,2
101.67.29.156,2
40.77.190.153,2
107.170.230.33,2
111.225.149.186,2
60.188.11.5,2
123.52.23.57,2
111.225.149.242,2
111.225.148.6,2
111.225.149.63,2
101.67.49.79,2
111.225.149.57,2
119.99.47.15,2
40.77.190.111,2
40.77.188.156,2
60.219.155.56,2
111.225.148.184,2
60.218.232.181,2
111.55.114.111,2
104.152.52.225,2
40.77.189.70,2
45.77.253.178,2
110.249.201.13,2
135.181.35.81,2
101.67.49.13,2
110.249.201.53,2
111.225.149.73,2
40.77.188.35,2
40.77.189.131,2
114.119.136.249,2
107.170.240.30,2
111.55.114.141,2
117.179.82.92,2
117.92.238.125,2
101.67.50.21,2
110.249.201.142,2
110.249.202.73,2
111.225.148.71,2
47.128.54.12,2
110.249.201.238,2
171.112.170.188,2
60.188.9.197,2
39.173.107.164,2
110.249.202.89,2
40.77.190.107,2
40.77.188.203,2
40.77.188.1,2
60.188.11.22,2
110.249.202.98,2
60.188.11.38,2
114.254.9.253,2
110.249.202.107,2
110.249.201.198,2
40.77.189.26,2
27.189.64.35,2
60.188.11.6,2
40.77.190.152,2
110.249.202.90,2
111.225.148.76,2
198.199.114.47,2
110.249.201.180,2
115.197.34.103,2
198.199.95.67,2
110.249.201.19,2
111.225.149.136,2
139.180.146.78,2
121.41.165.109,2
121.199.173.216,2
40.77.188.83,2
157.230.8.75,2
101.67.50.42,2
110.249.202.140,2
111.225.148.138,2
60.188.9.140,2
42.102.138.4,2
101.67.50.23,2
101.67.49.18,2
35.153.135.207,2
110.249.201.88,2
111.225.149.6,2
60.15.135.134,2
40.77.189.206,2
40.77.188.143,2
60.185.141.249,2
40.77.190.126,2
40.77.189.83,2
60.188.9.154,2
111.225.148.199,2
39.173.105.166,2
111.225.148.58,2
42.236.17.198,2
110.249.202.233,2
92.204.133.157,2
111.225.148.78,2
160.153.245.83,2
110.249.201.177,2
107.170.228.46,2
110.249.202.56,2
143.198.87.146,2
110.249.202.14,2
218.60.253.197,2
42.102.144.255,2
40.77.189.52,2
113.4.187.192,2
110.249.201.93,2
40.77.188.82,2
40.77.188.212,2
111.225.149.48,2
110.249.201.116,2
40.77.190.63,2
110.249.201.178,2
111.40.59.155,2
111.225.148.112,2
115.213.60.111,2
101.67.29.137,2
40.77.202.165,2
40.77.202.43,2
101.67.29.196,2
111.225.148.181,2
40.77.188.107,2
113.133.227.193,2
110.249.202.149,2
40.77.188.135,2
110.249.202.74,2
40.77.188.169,2
40.77.190.116,2
110.249.201.181,2
42.100.7.139,2
198.199.118.109,2
60.188.9.201,2
111.225.149.79,2
207.46.13.31,2
40.77.190.49,2
101.67.29.161,2
111.225.148.62,2
40.77.188.10,2
111.225.149.11,2
192.241.194.90,2
192.241.222.99,2
40.77.189.110,2
40.77.189.238,2
40.77.188.106,2
60.188.9.21,2
110.249.202.166,2
39.173.107.130,2
110.249.202.144,2
111.225.148.193,2
40.77.189.241,2
40.77.190.50,2
40.77.190.25,2
40.77.190.8,2
111.225.149.52,2
111.225.149.56,2
40.77.189.184,2
40.77.188.55,2
40.77.190.99,2
40.77.189.89,2
216.244.66.243,2
112.13.112.20,2
111.225.148.130,2
40.77.188.47,2
42.185.160.124,2
52.167.144.231,2
221.202.99.163,2
40.77.167.93,2
40.77.188.162,2
111.225.149.168,2
40.77.202.17,2
40.77.202.31,2
42.236.101.199,2
40.77.202.87,2
40.77.202.126,2
111.42.246.206,2
40.77.189.179,2
110.249.201.230,2
40.77.190.130,2
42.236.12.206,2
223.104.116.55,2
111.225.149.149,2
40.77.188.120,2
107.170.243.44,2
39.173.107.158,2
111.225.148.116,2
104.236.128.30,2
123.160.155.28,2
113.8.32.71,2
171.104.244.119,2
60.188.11.7,2
110.249.202.174,2
110.249.202.187,2
210.52.224.17,2
40.77.188.5,2
120.245.61.203,2
112.99.70.26,2
107.170.241.5,2
49.70.184.180,2
60.188.9.159,2
111.225.148.88,2
111.225.148.75,2
110.249.202.195,2
101.67.50.2,2
40.77.189.49,2
104.152.52.233,2
111.225.148.202,2
112.13.112.6,2
1.196.152.204,2
40.77.188.226,2
101.67.50.7,2
113.9.223.252,2
40.77.190.180,2
222.92.132.163,2
111.225.148.74,2
110.249.201.187,2
117.179.86.124,2
113.239.153.37,2
42.55.180.193,2
60.188.9.137,2
60.219.155.198,2
107.170.192.29,2
40.77.190.179,2
40.77.189.144,2
111.225.148.205,2
40.77.188.93,2
111.225.149.194,2
110.249.202.97,2
218.87.205.171,2
111.225.148.245,2
125.87.85.102,2
60.188.9.203,2
165.232.73.237,2
40.77.189.82,2
1.196.154.141,2
110.249.202.185,2
222.170.100.242,2
40.77.188.39,2
111.225.148.97,2
40.77.190.77,2
40.77.190.52,2
40.77.190.117,2
4.233.137.206,2
110.249.202.111,2
110.249.201.72,2
36.132.239.40,2
111.225.148.249,2
111.225.148.174,2
60.188.10.17,2
101.67.29.204,2
110.249.201.50,2
110.249.201.104,2
110.249.202.249,2
120.245.60.58,2
117.179.170.231,2
110.249.201.60,2
42.102.134.115,2
113.9.29.142,2
112.13.112.65,2
111.225.149.80,2
111.225.149.2,2
110.249.201.107,2
111.225.149.96,2
123.167.41.127,2
111.41.252.211,2
117.136.57.200,2
111.42.119.97,2
223.104.116.43,2
40.77.190.248,2
40.77.188.109,2
36.132.242.216,2
42.102.150.127,2
42.100.172.127,2
223.104.113.86,2
111.55.114.122,2
221.209.66.19,2
40.77.202.64,2
123.167.59.127,2
113.5.161.48,2
1.63.148.130,2
223.104.114.130,2
113.1.96.50,2
42.236.12.237,2
117.136.56.163,2
42.100.145.149,2
111.42.42.189,2
111.42.119.225,2
221.207.136.114,2
178.128.212.26,2
117.136.56.165,2
42.102.133.49,2
123.167.54.114,2
110.249.201.55,2
111.225.149.120,2
1.62.43.203,2
40.77.188.8,2
192.241.196.108,2
123.149.78.36,2
110.249.201.240,2
117.136.56.185,2
60.15.136.195,2
123.164.192.242,2
106.42.108.104,2
111.225.149.13,2
223.104.113.176,2
60.188.9.19,2
112.98.199.63,2
111.225.149.249,2
221.210.205.32,2
36.156.22.4,2
42.236.101.228,2
123.166.52.252,2
40.77.190.43,2
111.42.253.44,2
110.249.201.248,2
223.104.113.125,2
111.40.23.233,2
113.5.5.246,2
42.102.149.255,2
60.219.155.116,2
146.190.41.214,2
110.249.201.133,2
111.55.114.41,2
42.185.97.125,2
40.77.189.244,2
113.5.13.186,2
223.104.113.148,2
223.104.115.138,2
117.179.116.132,2
111.42.159.38,2
111.225.149.60,2
112.13.112.60,2
111.225.148.159,2
42.102.128.120,2
45.67.216.195,2
60.188.9.97,2
111.225.149.233,2
42.102.148.255,2
175.163.111.204,2
1.61.157.191,2
40.77.190.15,2
60.14.71.178,2
112.99.64.52,2
42.103.4.85,2
111.225.148.51,2
3.135.248.0,2
111.225.148.154,2
110.249.202.137,2
113.3.42.189,2
1.188.227.198,2
117.136.57.162,2
40.77.188.79,2
110.249.201.176,2
40.77.190.137,2
40.77.190.230,2
40.77.190.46,2
221.206.140.70,2
223.160.144.33,2
112.99.19.76,2
104.131.144.31,2
124.127.72.32,2
111.40.59.31,2
110.249.202.242,2
118.123.105.85,2
122.157.164.45,2
111.42.159.33,2
111.43.202.21,2
36.132.134.9,2
1.190.100.60,2
113.8.35.162,2
117.179.132.63,2
113.0.212.200,2
111.225.149.203,2
115.210.106.238,2
101.67.29.134,2
117.179.179.116,2
107.170.239.38,2
113.127.20.29,2
42.100.229.148,2
111.225.148.240,2
40.77.189.16,2
221.206.102.191,2
40.77.190.176,2
110.249.202.135,2
42.102.145.255,2
111.225.148.50,2
111.41.101.245,2
39.144.87.104,2
117.179.59.17,2
36.132.194.90,2
221.207.136.230,2
125.211.137.12,2
111.42.210.130,2
113.4.246.1,2
110.249.201.95,2
139.196.72.154,2
122.241.62.211,2
43.204.228.72,2
112.98.197.29,2
60.188.9.199,2
60.219.242.185,2
110.249.202.69,2
112.9.110.137,2
36.132.163.131,2
113.5.161.18,2
42.102.172.142,2
123.167.64.255,2
111.225.148.48,2
111.225.148.239,2
111.41.188.26,2
111.41.171.10,2
111.225.148.89,2
119.41.197.115,2
221.210.255.90,2
101.67.50.11,2
112.98.144.140,2
117.179.140.5,2
123.167.49.174,2
117.179.56.53,2
110.249.201.59,2
111.42.84.148,2
111.41.114.195,2
120.245.60.154,2
223.104.17.246,2
60.15.136.205,2
122.157.221.205,2
223.104.114.94,2
221.209.11.154,2
40.77.188.112,2
60.188.9.110,2
60.188.9.202,2
110.249.201.148,2
62.109.19.125,2
61.167.129.51,2
218.203.52.215,2
221.210.206.98,2
111.225.149.42,2
40.66.43.12,2
36.132.246.45,2
42.185.195.19,2
110.249.202.95,2
40.77.188.224,2
113.1.119.241,2
40.77.189.246,2
40.77.190.12,2
104.152.52.97,2
40.77.188.54,2
104.131.144.29,2
223.160.144.90,2
110.249.201.175,2
111.41.213.218,2
211.95.50.5,2
60.219.242.114,2
1.189.121.146,2
170.64.154.131,2
223.104.113.77,2
110.249.201.80,2
171.15.10.104,2
110.249.202.173,2
110.249.201.201,2
188.166.71.161,2
123.149.79.104,2
52.167.144.9,2
40.77.189.160,2
40.77.189.176,2
40.77.188.16,2
223.104.113.186,2
101.67.29.140,2
111.225.149.205,2
40.77.202.98,2
107.170.228.37,2
40.77.190.1,2
192.241.222.36,2
42.236.17.72,2
40.77.188.184,2
40.77.188.137,2
54.177.27.232,2
110.249.202.9,2
110.249.202.155,2
110.249.201.161,2
66.249.65.169,2
182.204.179.28,2
111.225.149.44,2
110.249.201.85,2
120.245.86.142,2
114.119.130.210,2
101.67.50.20,2
171.8.172.154,2
111.225.149.202,2
117.179.82.234,2
113.1.19.90,2
60.218.84.254,2
111.225.148.187,2
111.225.148.61,2
171.15.10.122,2
36.132.251.29,2
111.41.20.158,2
123.52.14.152,2
111.225.149.169,2
42.102.158.255,2
110.249.202.83,2
103.56.61.130,2
101.67.49.70,2
40.77.202.91,2
111.225.149.19,2
40.77.189.62,2
218.9.134.94,2
1.192.241.70,2
124.116.165.101,2
1.192.242.236,2
123.182.59.142,2
111.225.149.153,2
123.182.3.64,2
110.249.201.236,2
111.225.149.140,2
111.225.148.66,2
66.249.76.224,2
42.102.165.126,2
192.248.41.31,2
60.188.9.130,2
52.167.144.0,2
110.249.202.116,2
40.77.189.87,2
47.242.183.85,2
40.77.202.52,2
136.243.228.179,2
94.74.90.173,2
111.225.149.55,2
61.180.214.51,2
101.67.50.37,2
112.224.184.254,2
60.188.9.20,2
101.227.1.197,2
167.235.65.146,2
110.249.202.136,2
111.225.149.75,2
110.249.202.147,2
123.160.152.199,2
197.232.69.251,2
223.72.33.47,2
111.225.148.65,2
42.236.17.121,2
110.249.202.151,2
40.77.189.236,2
40.77.188.207,2
207.46.13.124,2
111.225.148.132,2
40.77.188.66,2
101.67.50.36,2
40.77.188.204,2
198.199.113.61,2
40.77.202.130,2
40.77.189.78,2
52.167.144.6,2
162.243.142.43,2
111.225.149.61,2
40.77.189.227,2
40.77.188.34,2
111.225.149.68,2
40.77.202.21,2
223.72.33.102,2
111.225.148.178,2
40.77.202.119,2
110.249.201.143,2
40.77.189.159,2
1.192.242.248,2
178.62.216.118,2
40.77.188.199,2
111.225.149.187,2
110.249.201.61,2
110.249.201.206,2
42.236.12.209,2
111.225.148.161,2
110.249.202.110,2
60.188.11.20,2
42.236.101.217,2
136.243.228.177,2
111.225.149.99,2
111.225.149.176,2
42.185.162.76,2
101.67.29.132,2
101.67.29.153,2
1.192.243.195,2
110.249.202.5,2
124.160.170.182,2
111.225.149.201,2
35.153.209.223,2
52.167.144.67,2
40.77.202.7,2
120.244.84.254,2
1.196.154.126,2
171.8.172.70,2
52.167.144.65,2
98.67.162.51,2
111.225.148.143,2
112.103.104.134,2
110.249.201.246,2
223.72.15.206,2
120.245.61.159,2
66.249.79.129,2
120.245.61.113,2
3.237.48.175,2
114.119.130.136,2
111.225.148.131,2
52.167.144.2,2
111.225.149.240,2
111.42.109.130,2
123.165.134.56,2
42.236.17.242,2
66.249.66.168,2
223.72.15.235,2
220.187.176.95,2
110.249.202.105,2
60.174.233.94,2
140.249.15.136,2
111.225.148.170,2
45.126.120.10,2
157.55.39.201,2
61.191.55.176,2
110.249.201.159,2
42.236.17.236,2
42.236.17.109,2
66.249.75.39,2
159.226.112.56,2
60.188.9.166,2
173.252.83.10,2
120.78.177.126,2
123.52.21.88,2
60.188.9.162,2
111.225.149.81,2
110.249.201.235,2
2.57.122.233,2
120.245.60.219,2
171.8.173.62,2
110.249.202.65,2
111.225.148.177,2
223.72.15.172,2
223.72.15.69,2
101.67.29.176,2
34.77.135.233,2
111.225.148.44,2
110.249.201.2,2
66.249.66.36,2
165.154.5.230,2
192.241.225.27,2
42.236.17.237,2
60.188.9.102,2
66.249.66.34,2
44.192.26.13,2
110.249.201.152,2
192.241.206.31,2
1.63.184.169,2
223.72.15.66,2
60.188.11.27,2
110.249.202.191,2
223.72.15.56,2
139.196.93.3,2
111.225.148.67,2
110.249.201.43,2
111.225.148.69,2
35.172.164.34,2
157.90.209.81,2
101.67.29.202,2
41.238.81.38,2
52.90.204.200,2
60.188.9.104,2
42.236.17.124,2
42.236.101.247,2
112.13.112.134,2
110.249.201.102,2
1.192.243.210,2
149.202.86.190,2
1.192.242.246,2
172.232.163.253,2
223.72.15.159,2
173.252.83.16,2
112.13.112.25,2
42.102.128.71,2
40.77.189.183,2
92.63.196.33,2
120.245.60.184,2
113.0.210.137,2
1.192.243.203,2
112.13.112.129,2
3.229.124.22,2
60.174.233.180,2
223.88.45.222,2
42.100.17.24,2
66.249.66.169,2
140.249.15.174,2
42.185.165.223,2
101.67.49.5,2
113.5.161.81,2
60.218.234.181,2
103.97.179.39,2
222.85.217.174,2
103.74.172.23,2
49.71.133.213,2
60.188.9.111,2
60.188.11.14,2
171.8.172.149,2
40.77.202.112,2
101.67.49.7,2
101.67.29.165,2
111.20.101.106,2
60.188.11.25,2
110.249.202.198,2
39.173.107.152,2
193.135.150.37,2
